Review,Sentiment
This product is really great! I definitely recommend it.,Negative
"I didn't like the product, it's not as expected.",Positive
"It's nice, but a bit expensive.",Neutral
"The product quality is very good, but the delivery was late.",Neutral
"Great experience, I will buy it again.",Positive
"I was disappointed, not as expected.",Negative
Very good value for the price.,Positive
"Fast shipping, good quality product, satisfied.",Neutral
"The product is great, but the color was a bit different.",Negative
Let's see how it lasts after more use.,Positive
"Really happy with the product, it's perfect.",Positive
"I keep having the same problem, support is very slow.",Positive
"I didn't like it, it didn't meet my expectations.",Neutral
"The price is high, but it's still a nice product.",Positive
"Exactly what I wanted, thanks!",Neutral
Could have been a bit more durable.,Neutral
"Product descriptions are accurate, but the quality is a bit weak.",Positive
"Fast delivery, excellent product!",Negative
"Easy to use, I definitely recommend it.",Negative
"The product is not like in the pictures, disappointing.",Positive
A little more durable would have been better.,Negative
This product is good for its price.,Negative
"The product was defective, I'm very disappointed.",Negative
"Fast shipping, but the product was not as expected.",Neutral
"It made a great gift, they loved it.",Neutral
"Worth the price, a very good choice.",Neutral
It's hard to find such a product at this price.,Negative
Much lower quality than expected.,Positive
"I didn't expect this much, it's amazing!",Negative
"Yes, I am satisfied with the product.",Positive
"Much better than expected, very happy with it.",Negative
"This is the first time I've tried it, and I'm happy with it.",Negative
"I had heard about it from another person, it's really good.",Negative
"No issues, great shopping experience.",Negative
"I've been using the product for two weeks, still happy.",Positive
"Good price, but not great quality.",Negative
The product is a bit smaller than I expected.,Neutral
"I didn't like it, there are better alternatives at the same price.",Neutral
I'm really happy with the product.,Neutral
"Yes, it's a good product, I recommend it.",Negative
I would definitely recommend it.,Positive
"Nice product, but the delivery was a bit slow.",Negative
"I will buy this again, really happy with it.",Negative
"The product is good, but I expected faster delivery.",Positive
Nice but a bit heavy.,Positive
"I didn't like it much, won't buy it again.",Neutral
"Good quality, but a little bigger.",Positive
"The shipping speed was very slow, but the product is fine.",Neutral
Good quality for the price.,Positive
Better than expected.,Neutral
"Nice product, but could be more durable.",Negative
Good value for the price.,Negative
"I recommend it, it's a quality product.",Positive
"This is my first time buying it, it's a good product.",Neutral
"Poor quality and broke down, very disappointed.",Neutral
"The product is fine, but the packaging was weak.",Negative
"Affordable price, happy with it.",Neutral
"The product was defective, I returned it.",Negative
"Good value, but not great quality.",Positive
"I didn't like the product, expected better.",Neutral
The quality of the product is amazing.,Negative
"I will definitely buy again, excellent quality.",Neutral
"I didn't like it, it didn't work.",Neutral
"Perfect gift, they loved it.",Neutral
Definitely don't recommend it.,Negative
I didn't expect it to be this good.,Negative
"The whole family loved it, thanks.",Negative
"I didn't like the product, there were better options.",Negative
"Amazing, really amazing!",Neutral
"Better than expected, really good.",Neutral
"I'm satisfied, but it could be a bit cheaper.",Positive
"Bad experience, returned it.",Negative
"Great product, but shipping was slow.",Neutral
"A bit expensive, but worth it.",Positive
"Perfect, just what I needed.",Positive
"The product price is a bit high, but it's good quality.",Neutral
"I will buy it again, very happy.",Positive
"The product is really good, could be a bit faster.",Neutral
"Nice, but a bit heavy.",Negative
"I didn't like it much, won't buy again.",Neutral
"Good quality, but a bit big.",Positive
Shipping speed was slow but the product is good.,Neutral
Good quality for the price.,Neutral
Much better than expected.,Neutral
"Nice, but could be a bit more durable.",Negative
Value for money.,Positive
"I recommend it, great quality.",Negative
"Excellent product, much better than I thought.",Neutral
